<wpml-config>
    <custom-fields>
        <custom-field action="copy">pp_author</custom-field>
        <custom-field action="copy">pp_featured_hover</custom-field>
        <custom-field action="copy">pp_filters_switch</custom-field>
        <custom-field action="copy">pp_gallery_slider</custom-field>
        <custom-field action="copy">pp_parallax_bg</custom-field>
        <custom-field action="copy">pp_parallax_color</custom-field>
        <custom-field action="copy">pp_parallax_opacity</custom-field>
        <custom-field action="copy">pp_pf_layout</custom-field>
        <custom-field action="copy">pp_position</custom-field>
        <custom-field action="copy">pp_related_items</custom-field>
        <custom-field action="copy">pp_sidebar_layout</custom-field>
        <custom-field action="copy">pp_sidebar_set</custom-field>
        <custom-field action="copy">pp_socialicons</custom-field>
        <custom-field action="copy">pp_title_bar_hide</custom-field>
        <custom-field action="copy">pp_woo_parallax_type</custom-field>
        <custom-field action="copy">pp_woo_thumbnail_style</custom-field>
        <custom-field action="copy">_format_gallery</custom-field>
        <custom-field action="copy">_format_image</custom-field>
        <custom-field action="copy">_format_link_url</custom-field>
        <custom-field action="copy">_format_quote_source_name</custom-field>
        <custom-field action="copy">_format_quote_source_url</custom-field>
        <custom-field action="copy">_format_url</custom-field>
        <custom-field action="copy">_format_video_embed</custom-field>
        <custom-field action="copy">_menu-item-linkrole</custom-field>
        <custom-field action="translate">pp_page_layer</custom-field>
        <custom-field action="translate">pp_subtitle</custom-field>
        <custom-field action="translate">pp_pfvideo_link</custom-field>
        <custom-field action="translate">_format_audio_embed</custom-field>
        <custom-field action="translate">_format_quote_content</custom-field>
        <custom-field action="translate">_menu-item-columnscont</custom-field>
        <custom-field action="translate">_menu-item-html</custom-field>
        <custom-field action="ignore">date-added</custom-field>
    </custom-fields>
    <custom-types>
        <custom-type translate="1">portfolio</custom-type>
        <custom-type translate="1">testimonial</custom-type>
        <custom-type translate="1">team</custom-type>
    </custom-types>
    <taxonomies>
        <taxonomy translate="1">filters</taxonomy>
    </taxonomies>
    <language-switcher-settings>
        <key name="icl_language_switcher_sidebar">0</key>
        <key name="icl_widget_title_show">0</key>
        <key name="icl_lang_sel_type">dropdown</key>
        <key name="icl_lso_link_empty">0</key>
        <key name="icl_lso_flags">0</key>
        <key name="icl_lso_native_lang">1</key>
        <key name="icl_lso_display_lang">1</key>
        <key name="icl_lang_sel_footer">0</key>
        <key name="icl_post_availability">0</key>
        <key name="icl_post_availability_position">below</key>
        <key name="icl_post_availability_text">This post is also available in: %s</key>
    </language-switcher-settings>
</wpml-config>


